run_id,scheduler,workload,repetition,seed,task_id,tenant_id,priority,outcome,submitted_at,dispatched_at,started_at,finished_at,deadline,exec_ms,actual_exec_ms,retry_count,queue_wait_s,latency_s,deadline_missed,worker
example,fifo,multi_tenant,0,1000,quick-000000,A,0,completed,2026-09-08T09:26:38.448789Z,2026-09-08T09:26:38.452Z,2026-09-08T09:26:38.452596Z,2026-09-08T09:26:38.508658Z,2026-09-08T09:26:39.012789Z,56,56,0,0.003807,0.059869,false,bench-worker-0-3
example,fifo,multi_tenant,0,1000,quick-000001,A,2,completed,2026-09-08T09:26:38.465733Z,2026-09-08T09:26:38.468Z,2026-09-08T09:26:38.468618Z,2026-09-08T09:26:38.522664Z,2026-09-08T09:26:39.056733Z,54,54,0,0.002885,0.056931,false,bench-worker-1-3
example,fifo,multi_tenant,0,1000,quick-000002,A,0,completed,2026-09-08T09:26:38.467237Z,2026-09-08T09:26:38.468Z,2026-09-08T09:26:38.468616Z,2026-09-08T09:26:38.526676Z,2026-09-08T09:26:39.130237Z,58,58,0,0.001379,0.059439,false,bench-worker-0-0
example,fifo,multi_tenant,0,1000,quick-000004,A,2,completed,2026-09-08T09:26:38.474501Z,2026-09-08T09:26:38.475Z,2026-09-08T09:26:38.475936Z,2026-09-08T09:26:38.526992Z,2026-09-08T09:26:38.995501Z,51,51,0,0.001435,0.052491,false,bench-worker-1-0
example,fifo,multi_tenant,0,1000,quick-000003,A,0,completed,2026-09-08T09:26:38.473172Z,2026-09-08T09:26:38.475Z,2026-09-08T09:26:38.475939Z,2026-09-08T09:26:38.527968Z,2026-09-08T09:26:39.111172Z,52,52,0,0.002767,0.054796,false,bench-worker-0-1
example,fifo,multi_tenant,0,1000,quick-000007,A,0,completed,2026-09-08T09:26:38.496442Z,2026-09-08T09:26:38.499Z,2026-09-08T09:26:38.499744Z,2026-09-08T09:26:38.539912Z,2026-09-08T09:26:39.015442Z,40,40,0,0.003302,0.043470,false,bench-worker-0-2
example,fifo,multi_tenant,0,1000,quick-000005,A,0,completed,2026-09-08T09:26:38.485584Z,2026-09-08T09:26:38.488Z,2026-09-08T09:26:38.488976Z,2026-09-08T09:26:38.546239Z,2026-09-08T09:26:39.084584Z,57,57,0,0.003392,0.060655,false,bench-worker-1-2
example,fifo,multi_tenant,0,1000,quick-000006,A,3,completed,2026-09-08T09:26:38.493174Z,2026-09-08T09:26:38.493Z,2026-09-08T09:26:38.49458Z,2026-09-08T09:26:38.552673Z,2026-09-08T09:26:38.987174Z,58,58,0,0.001406,0.059499,false,bench-worker-1-1
example,fifo,multi_tenant,0,1000,quick-000008,A,2,completed,2026-09-08T09:26:38.496443Z,2026-09-08T09:26:38.509Z,2026-09-08T09:26:38.509768Z,2026-09-08T09:26:38.559979Z,2026-09-08T09:26:38.955443Z,50,50,0,0.013325,0.063536,false,bench-worker-0-3
example,fifo,multi_tenant,0,1000,quick-000009,A,1,completed,2026-09-08T09:26:38.498114Z,2026-09-08T09:26:38.524Z,2026-09-08T09:26:38.525225Z,2026-09-08T09:26:38.567295Z,2026-09-08T09:26:39.053114Z,42,42,0,0.027111,0.069181,false,bench-worker-1-3
example,fifo,multi_tenant,0,1000,quick-000012,A,0,completed,2026-09-08T09:26:38.511549Z,2026-09-08T09:26:38.528Z,2026-09-08T09:26:38.52866Z,2026-09-08T09:26:38.570714Z,2026-09-08T09:26:38.919549Z,42,42,0,0.017111,0.059165,false,bench-worker-0-1
example,fifo,multi_tenant,0,1000,quick-000010,A,0,completed,2026-09-08T09:26:38.503252Z,2026-09-08T09:26:38.527Z,2026-09-08T09:26:38.528147Z,2026-09-08T09:26:38.58537Z,2026-09-08T09:26:39.056252Z,57,57,0,0.024895,0.082118,false,bench-worker-0-0
example,fifo,multi_tenant,0,1000,quick-000011,A,2,completed,2026-09-08T09:26:38.507548Z,2026-09-08T09:26:38.527Z,2026-09-08T09:26:38.528154Z,2026-09-08T09:26:38.58541Z,2026-09-08T09:26:39.121548Z,57,57,0,0.020606,0.077862,false,bench-worker-1-0
example,fifo,multi_tenant,0,1000,quick-000013,C,0,completed,2026-09-08T09:26:38.515405Z,2026-09-08T09:26:38.54Z,2026-09-08T09:26:38.541197Z,2026-09-08T09:26:38.596221Z,2026-09-08T09:26:38.982405Z,55,55,0,0.025792,0.080816,false,bench-worker-0-2
example,fifo,multi_tenant,0,1000,quick-000014,A,0,completed,2026-09-08T09:26:38.524973Z,2026-09-08T09:26:38.548Z,2026-09-08T09:26:38.549223Z,2026-09-08T09:26:38.601461Z,2026-09-08T09:26:39.058973Z,52,52,0,0.024250,0.076488,false,bench-worker-1-2
example,fifo,multi_tenant,0,1000,quick-000016,A,2,completed,2026-09-08T09:26:38.534741Z,2026-09-08T09:26:38.562Z,2026-09-08T09:26:38.562634Z,2026-09-08T09:26:38.603663Z,2026-09-08T09:26:39.144741Z,41,41,0,0.027893,0.068922,false,bench-worker-0-3
example,fifo,multi_tenant,0,1000,quick-000015,A,1,completed,2026-09-08T09:26:38.525989Z,2026-09-08T09:26:38.554Z,2026-09-08T09:26:38.554738Z,2026-09-08T09:26:38.608772Z,2026-09-08T09:26:39.005989Z,54,54,0,0.028749,0.082783,false,bench-worker-1-1
example,fifo,multi_tenant,0,1000,quick-000017,A,0,completed,2026-09-08T09:26:38.540321Z,2026-09-08T09:26:38.567Z,2026-09-08T09:26:38.5681Z,2026-09-08T09:26:38.620131Z,2026-09-08T09:26:38.981321Z,52,52,0,0.027779,0.079810,false,bench-worker-1-3
example,fifo,multi_tenant,0,1000,quick-000018,D,0,completed,2026-09-08T09:26:38.560973Z,2026-09-08T09:26:38.573Z,2026-09-08T09:26:38.573629Z,2026-09-08T09:26:38.626815Z,2026-09-08T09:26:39.189973Z,53,53,0,0.012656,0.065842,false,bench-worker-0-1
example,fifo,multi_tenant,0,1000,quick-000019,A,0,completed,2026-09-08T09:26:38.562561Z,2026-09-08T09:26:38.585Z,2026-09-08T09:26:38.586435Z,2026-09-08T09:26:38.644652Z,2026-09-08T09:26:39.071561Z,58,58,0,0.023874,0.082091,false,bench-worker-0-0
example,fifo,multi_tenant,0,1000,quick-000020,A,0,completed,2026-09-08T09:26:38.567023Z,2026-09-08T09:26:38.585Z,2026-09-08T09:26:38.586699Z,2026-09-08T09:26:38.644752Z,2026-09-08T09:26:39.207023Z,58,58,0,0.019676,0.077729,false,bench-worker-1-0
example,fifo,multi_tenant,0,1000,quick-000021,A,0,completed,2026-09-08T09:26:38.57394Z,2026-09-08T09:26:38.598Z,2026-09-08T09:26:38.59904Z,2026-09-08T09:26:38.64609Z,2026-09-08T09:26:39.16794Z,47,47,0,0.025100,0.072150,false,bench-worker-0-2
example,fifo,multi_tenant,0,1000,quick-000022,A,0,completed,2026-09-08T09:26:38.577489Z,2026-09-08T09:26:38.601Z,2026-09-08T09:26:38.60237Z,2026-09-08T09:26:38.650423Z,2026-09-08T09:26:39.005489Z,48,48,0,0.024881,0.072934,false,bench-worker-1-2
example,fifo,multi_tenant,0,1000,quick-000024,A,0,completed,2026-09-08T09:26:38.589148Z,2026-09-08T09:26:38.609Z,2026-09-08T09:26:38.610046Z,2026-09-08T09:26:38.655227Z,2026-09-08T09:26:39.030148Z,45,45,0,0.020898,0.066079,false,bench-worker-1-1
example,fifo,multi_tenant,0,1000,quick-000023,B,0,completed,2026-09-08T09:26:38.585831Z,2026-09-08T09:26:38.604Z,2026-09-08T09:26:38.604948Z,2026-09-08T09:26:38.662Z,2026-09-08T09:26:39.061831Z,57,57,0,0.019117,0.076169,false,bench-worker-0-3
example,fifo,multi_tenant,0,1000,quick-000025,A,2,completed,2026-09-08T09:26:38.591924Z,2026-09-08T09:26:38.622Z,2026-09-08T09:26:38.622918Z,2026-09-08T09:26:38.680994Z,2026-09-08T09:26:39.099924Z,58,58,0,0.030994,0.089070,false,bench-worker-1-3
example,fifo,multi_tenant,0,1000,quick-000026,A,1,completed,2026-09-08T09:26:38.591924Z,2026-09-08T09:26:38.627Z,2026-09-08T09:26:38.628065Z,2026-09-08T09:26:38.681131Z,2026-09-08T09:26:39.232924Z,53,53,0,0.036141,0.089207,false,bench-worker-0-1
example,fifo,multi_tenant,0,1000,quick-000028,A,3,completed,2026-09-08T09:26:38.597877Z,2026-09-08T09:26:38.645Z,2026-09-08T09:26:38.645958Z,2026-09-08T09:26:38.686007Z,2026-09-08T09:26:39.130877Z,40,40,0,0.048081,0.088130,false,bench-worker-1-0
example,fifo,multi_tenant,0,1000,quick-000027,A,1,completed,2026-09-08T09:26:38.595424Z,2026-09-08T09:26:38.645Z,2026-09-08T09:26:38.645724Z,2026-09-08T09:26:38.688892Z,2026-09-08T09:26:39.194424Z,43,43,0,0.050300,0.093468,false,bench-worker-0-0
example,fifo,multi_tenant,0,1000,quick-000031,A,3,completed,2026-09-08T09:26:38.609852Z,2026-09-08T09:26:38.656Z,2026-09-08T09:26:38.656539Z,2026-09-08T09:26:38.696669Z,2026-09-08T09:26:39.061852Z,40,40,0,0.046687,0.086817,false,bench-worker-1-1
example,fifo,multi_tenant,0,1000,quick-000029,A,3,completed,2026-09-08T09:26:38.602711Z,2026-09-08T09:26:38.648Z,2026-09-08T09:26:38.648824Z,2026-09-08T09:26:38.699898Z,2026-09-08T09:26:39.254711Z,51,51,0,0.046113,0.097187,false,bench-worker-0-2
example,fifo,multi_tenant,0,1000,quick-000030,A,2,completed,2026-09-08T09:26:38.607799Z,2026-09-08T09:26:38.651Z,2026-09-08T09:26:38.65166Z,2026-09-08T09:26:38.703718Z,2026-09-08T09:26:39.146799Z,52,52,0,0.043861,0.095919,false,bench-worker-1-2
example,fifo,multi_tenant,0,1000,quick-000032,A,1,completed,2026-09-08T09:26:38.612578Z,2026-09-08T09:26:38.664Z,2026-09-08T09:26:38.664313Z,2026-09-08T09:26:38.710342Z,2026-09-08T09:26:39.171578Z,46,46,0,0.051735,0.097764,false,bench-worker-0-3
example,fifo,multi_tenant,0,1000,quick-000034,A,1,completed,2026-09-08T09:26:38.622914Z,2026-09-08T09:26:38.681Z,2026-09-08T09:26:38.682099Z,2026-09-08T09:26:38.725296Z,2026-09-08T09:26:39.231914Z,43,43,0,0.059185,0.102382,false,bench-worker-0-1
example,fifo,multi_tenant,0,1000,quick-000033,A,0,completed,2026-09-08T09:26:38.621904Z,2026-09-08T09:26:38.681Z,2026-09-08T09:26:38.682095Z,2026-09-08T09:26:38.730177Z,2026-09-08T09:26:39.089904Z,48,48,0,0.060191,0.108273,false,bench-worker-1-3
example,fifo,multi_tenant,0,1000,quick-000036,A,0,completed,2026-09-08T09:26:38.622916Z,2026-09-08T09:26:38.689Z,2026-09-08T09:26:38.689394Z,2026-09-08T09:26:38.737457Z,2026-09-08T09:26:39.149916Z,48,48,0,0.066478,0.114541,false,bench-worker-0-0
example,fifo,multi_tenant,0,1000,quick-000035,A,1,completed,2026-09-08T09:26:38.622915Z,2026-09-08T09:26:38.686Z,2026-09-08T09:26:38.686936Z,2026-09-08T09:26:38.744988Z,2026-09-08T09:26:39.264915Z,58,58,0,0.064021,0.122073,false,bench-worker-1-0
example,fifo,multi_tenant,0,1000,quick-000039,A,2,completed,2026-09-08T09:26:38.63491Z,2026-09-08T09:26:38.704Z,2026-09-08T09:26:38.705258Z,2026-09-08T09:26:38.746355Z,2026-09-08T09:26:39.06291Z,41,41,0,0.070348,0.111445,false,bench-worker-1-2
example,fifo,multi_tenant,0,1000,quick-000037,A,4,completed,2026-09-08T09:26:38.632853Z,2026-09-08T09:26:38.699Z,2026-09-08T09:26:38.699595Z,2026-09-08T09:26:38.747646Z,2026-09-08T09:26:39.158853Z,48,48,0,0.066742,0.114793,false,bench-worker-1-1
example,fifo,multi_tenant,0,1000,quick-000040,A,0,completed,2026-09-08T09:26:38.640311Z,2026-09-08T09:26:38.712Z,2026-09-08T09:26:38.713307Z,2026-09-08T09:26:38.756392Z,2026-09-08T09:26:39.154311Z,43,43,0,0.072996,0.116081,false,bench-worker-0-3
example,fifo,multi_tenant,0,1000,quick-000038,B,2,completed,2026-09-08T09:26:38.633306Z,2026-09-08T09:26:38.701Z,2026-09-08T09:26:38.702432Z,2026-09-08T09:26:38.762479Z,2026-09-08T09:26:39.178306Z,60,60,0,0.069126,0.129173,false,bench-worker-0-2
example,fifo,multi_tenant,0,1000,quick-000042,A,3,completed,2026-09-08T09:26:38.647783Z,2026-09-08T09:26:38.731Z,2026-09-08T09:26:38.731655Z,2026-09-08T09:26:38.779762Z,2026-09-08T09:26:39.064783Z,48,48,0,0.083872,0.131979,false,bench-worker-1-3
example,fifo,multi_tenant,0,1000,quick-000041,A,1,completed,2026-09-08T09:26:38.647782Z,2026-09-08T09:26:38.725Z,2026-09-08T09:26:38.726205Z,2026-09-08T09:26:38.781363Z,2026-09-08T09:26:39.144782Z,55,55,0,0.078423,0.133581,false,bench-worker-0-1
example,fifo,multi_tenant,0,1000,quick-000043,A,2,completed,2026-09-08T09:26:38.652403Z,2026-09-08T09:26:38.739Z,2026-09-08T09:26:38.739839Z,2026-09-08T09:26:38.781899Z,2026-09-08T09:26:39.106403Z,42,42,0,0.087436,0.129496,false,bench-worker-0-0
example,fifo,multi_tenant,0,1000,quick-000046,A,2,completed,2026-09-08T09:26:38.662805Z,2026-09-08T09:26:38.747Z,2026-09-08T09:26:38.748548Z,2026-09-08T09:26:38.796596Z,2026-09-08T09:26:39.208805Z,48,48,0,0.085743,0.133791,false,bench-worker-1-1
example,fifo,multi_tenant,0,1000,quick-000044,A,1,completed,2026-09-08T09:26:38.655194Z,2026-09-08T09:26:38.747Z,2026-09-08T09:26:38.747765Z,2026-09-08T09:26:38.801923Z,2026-09-08T09:26:39.212194Z,54,54,0,0.092571,0.146729,false,bench-worker-1-0
example,fifo,multi_tenant,0,1000,quick-000045,A,0,completed,2026-09-08T09:26:38.661665Z,2026-09-08T09:26:38.747Z,2026-09-08T09:26:38.747766Z,2026-09-08T09:26:38.806813Z,2026-09-08T09:26:39.337665Z,59,59,0,0.086101,0.145148,false,bench-worker-1-2
example,fifo,multi_tenant,0,1000,quick-000047,A,3,completed,2026-09-08T09:26:38.669453Z,2026-09-08T09:26:38.758Z,2026-09-08T09:26:38.75909Z,2026-09-08T09:26:38.819167Z,2026-09-08T09:26:39.159453Z,60,60,0,0.089637,0.149714,false,bench-worker-0-3
example,fifo,multi_tenant,0,1000,quick-000048,A,2,completed,2026-09-08T09:26:38.67912Z,2026-09-08T09:26:38.764Z,2026-09-08T09:26:38.764284Z,2026-09-08T09:26:38.822396Z,2026-09-08T09:26:39.28312Z,58,58,0,0.085164,0.143276,false,bench-worker-0-2
example,fifo,multi_tenant,0,1000,quick-000051,A,0,completed,2026-09-08T09:26:38.68437Z,2026-09-08T09:26:38.782Z,2026-09-08T09:26:38.783023Z,2026-09-08T09:26:38.83416Z,2026-09-08T09:26:39.24437Z,51,51,0,0.098653,0.149790,false,bench-worker-0-0
example,fifo,multi_tenant,0,1000,quick-000050,A,4,completed,2026-09-08T09:26:38.683959Z,2026-09-08T09:26:38.781Z,2026-09-08T09:26:38.782417Z,2026-09-08T09:26:38.835485Z,2026-09-08T09:26:39.228959Z,53,53,0,0.098458,0.151526,false,bench-worker-0-1
example,fifo,multi_tenant,0,1000,quick-000049,A,1,completed,2026-09-08T09:26:38.682535Z,2026-09-08T09:26:38.781Z,2026-09-08T09:26:38.782103Z,2026-09-08T09:26:38.836142Z,2026-09-08T09:26:39.292535Z,54,54,0,0.099568,0.153607,false,bench-worker-1-3
example,fifo,multi_tenant,0,1000,quick-000052,A,1,completed,2026-09-08T09:26:38.689543Z,2026-09-08T09:26:38.797Z,2026-09-08T09:26:38.797891Z,2026-09-08T09:26:38.838953Z,2026-09-08T09:26:39.087543Z,41,41,0,0.108348,0.149410,false,bench-worker-1-1
example,fifo,multi_tenant,0,1000,quick-000054,A,0,completed,2026-09-08T09:26:38.701671Z,2026-09-08T09:26:38.807Z,2026-09-08T09:26:38.80804Z,2026-09-08T09:26:38.852142Z,2026-09-08T09:26:39.214671Z,44,44,0,0.106369,0.150471,false,bench-worker-1-2
example,fifo,multi_tenant,0,1000,quick-000053,A,1,completed,2026-09-08T09:26:38.691049Z,2026-09-08T09:26:38.802Z,2026-09-08T09:26:38.802702Z,2026-09-08T09:26:38.857731Z,2026-09-08T09:26:39.216049Z,55,55,0,0.111653,0.166682,false,bench-worker-1-0
example,fifo,multi_tenant,0,1000,quick-000056,A,0,completed,2026-09-08T09:26:38.713255Z,2026-09-08T09:26:38.823Z,2026-09-08T09:26:38.824232Z,2026-09-08T09:26:38.865488Z,2026-09-08T09:26:39.330255Z,41,41,0,0.110977,0.152233,false,bench-worker-0-2
example,fifo,multi_tenant,0,1000,quick-000055,A,1,completed,2026-09-08T09:26:38.705031Z,2026-09-08T09:26:38.82Z,2026-09-08T09:26:38.821377Z,2026-09-08T09:26:38.874388Z,2026-09-08T09:26:39.159031Z,53,53,0,0.116346,0.169357,false,bench-worker-0-3
example,fifo,multi_tenant,0,1000,quick-000057,A,3,completed,2026-09-08T09:26:38.714799Z,2026-09-08T09:26:38.834Z,2026-09-08T09:26:38.834932Z,2026-09-08T09:26:38.882973Z,2026-09-08T09:26:39.154799Z,48,48,0,0.120133,0.168174,false,bench-worker-0-0
example,fifo,multi_tenant,0,1000,quick-000060,A,0,completed,2026-09-08T09:26:38.730143Z,2026-09-08T09:26:38.84Z,2026-09-08T09:26:38.840434Z,2026-09-08T09:26:38.887459Z,2026-09-08T09:26:39.220143Z,47,47,0,0.110291,0.157316,false,bench-worker-1-1
example,fifo,multi_tenant,0,1000,quick-000058,A,0,completed,2026-09-08T09:26:38.720879Z,2026-09-08T09:26:38.837Z,2026-09-08T09:26:38.837623Z,2026-09-08T09:26:38.892941Z,2026-09-08T09:26:39.301879Z,55,55,0,0.116744,0.172062,false,bench-worker-0-1
example,fifo,multi_tenant,0,1000,quick-000059,A,4,completed,2026-09-08T09:26:38.720879Z,2026-09-08T09:26:38.837Z,2026-09-08T09:26:38.837626Z,2026-09-08T09:26:38.896719Z,2026-09-08T09:26:39.394879Z,59,59,0,0.116747,0.175840,false,bench-worker-1-3
example,fifo,multi_tenant,0,1000,quick-000063,D,3,completed,2026-09-08T09:26:38.748716Z,2026-09-08T09:26:38.865Z,2026-09-08T09:26:38.866444Z,2026-09-08T09:26:38.908486Z,2026-09-08T09:26:39.222716Z,42,42,0,0.117728,0.159770,false,bench-worker-0-2
example,fifo,multi_tenant,0,1000,quick-000061,A,2,completed,2026-09-08T09:26:38.734139Z,2026-09-08T09:26:38.854Z,2026-09-08T09:26:38.855084Z,2026-09-08T09:26:38.914309Z,2026-09-08T09:26:39.408139Z,59,59,0,0.120945,0.180170,false,bench-worker-1-2
example,fifo,multi_tenant,0,1000,quick-000062,A,1,completed,2026-09-08T09:26:38.742489Z,2026-09-08T09:26:38.86Z,2026-09-08T09:26:38.860573Z,2026-09-08T09:26:38.91773Z,2026-09-08T09:26:39.400489Z,57,57,0,0.118084,0.175241,false,bench-worker-1-0
example,fifo,multi_tenant,0,1000,quick-000065,A,1,completed,2026-09-08T09:26:38.765131Z,2026-09-08T09:26:38.884Z,2026-09-08T09:26:38.884637Z,2026-09-08T09:26:38.925862Z,2026-09-08T09:26:39.177131Z,41,41,0,0.119506,0.160731,false,bench-worker-0-0
example,fifo,multi_tenant,0,1000,quick-000064,A,2,completed,2026-09-08T09:26:38.762167Z,2026-09-08T09:26:38.876Z,2026-09-08T09:26:38.877027Z,2026-09-08T09:26:38.927122Z,2026-09-08T09:26:39.312167Z,50,50,0,0.114860,0.164955,false,bench-worker-0-3
example,fifo,multi_tenant,0,1000,quick-000066,A,0,completed,2026-09-08T09:26:38.771627Z,2026-09-08T09:26:38.889Z,2026-09-08T09:26:38.88994Z,2026-09-08T09:26:38.931998Z,2026-09-08T09:26:39.355627Z,42,42,0,0.118313,0.160371,false,bench-worker-1-1
example,fifo,multi_tenant,0,1000,quick-000068,A,0,completed,2026-09-08T09:26:38.783324Z,2026-09-08T09:26:38.898Z,2026-09-08T09:26:38.898824Z,2026-09-08T09:26:38.953893Z,2026-09-08T09:26:39.279324Z,55,55,0,0.115500,0.170569,false,bench-worker-1-3
example,fifo,multi_tenant,0,1000,quick-000067,A,0,completed,2026-09-08T09:26:38.773454Z,2026-09-08T09:26:38.895Z,2026-09-08T09:26:38.895907Z,2026-09-08T09:26:38.953946Z,2026-09-08T09:26:39.221454Z,58,58,0,0.122453,0.180492,false,bench-worker-0-1
example,fifo,multi_tenant,0,1000,quick-000069,A,0,completed,2026-09-08T09:26:38.789833Z,2026-09-08T09:26:38.909Z,2026-09-08T09:26:38.909579Z,2026-09-08T09:26:38.956654Z,2026-09-08T09:26:39.298833Z,47,47,0,0.119746,0.166821,false,bench-worker-0-2
example,fifo,multi_tenant,0,1000,quick-000070,A,1,completed,2026-09-08T09:26:38.789834Z,2026-09-08T09:26:38.914Z,2026-09-08T09:26:38.915242Z,2026-09-08T09:26:38.961315Z,2026-09-08T09:26:39.236834Z,46,46,0,0.125408,0.171481,false,bench-worker-1-2
example,fifo,multi_tenant,0,1000,quick-000071,A,1,completed,2026-09-08T09:26:38.789835Z,2026-09-08T09:26:38.92Z,2026-09-08T09:26:38.92059Z,2026-09-08T09:26:38.965672Z,2026-09-08T09:26:39.243835Z,45,45,0,0.130755,0.175837,false,bench-worker-1-0
example,fifo,multi_tenant,0,1000,quick-000074,A,1,completed,2026-09-08T09:26:38.799271Z,2026-09-08T09:26:38.933Z,2026-09-08T09:26:38.933807Z,2026-09-08T09:26:38.980002Z,2026-09-08T09:26:39.380271Z,46,46,0,0.134536,0.180731,false,bench-worker-1-1
example,fifo,multi_tenant,0,1000,quick-000073,A,0,completed,2026-09-08T09:26:38.79865Z,2026-09-08T09:26:38.928Z,2026-09-08T09:26:38.928696Z,2026-09-08T09:26:38.987881Z,2026-09-08T09:26:39.31065Z,59,59,0,0.130046,0.189231,false,bench-worker-0-3
example,fifo,multi_tenant,0,1000,quick-000072,A,0,completed,2026-09-08T09:26:38.795812Z,2026-09-08T09:26:38.928Z,2026-09-08T09:26:38.928695Z,2026-09-08T09:26:38.988757Z,2026-09-08T09:26:39.273812Z,60,60,0,0.132883,0.192945,false,bench-worker-0-0
example,fifo,multi_tenant,0,1000,quick-000076,A,1,completed,2026-09-08T09:26:38.806505Z,2026-09-08T09:26:38.956Z,2026-09-08T09:26:38.95673Z,2026-09-08T09:26:39.000825Z,2026-09-08T09:26:39.197505Z,44,44,0,0.150225,0.194320,false,bench-worker-0-1
example,fifo,multi_tenant,0,1000,quick-000075,D,1,completed,2026-09-08T09:26:38.799271Z,2026-09-08T09:26:38.956Z,2026-09-08T09:26:38.956729Z,2026-09-08T09:26:39.002778Z,2026-09-08T09:26:39.372271Z,46,46,0,0.157458,0.203507,false,bench-worker-1-3
example,fifo,multi_tenant,0,1000,quick-000077,A,0,completed,2026-09-08T09:26:38.813974Z,2026-09-08T09:26:38.956Z,2026-09-08T09:26:38.957871Z,2026-09-08T09:26:39.006966Z,2026-09-08T09:26:39.255974Z,49,49,0,0.143897,0.192992,false,bench-worker-0-2
example,fifo,multi_tenant,0,1000,quick-000078,E,3,completed,2026-09-08T09:26:38.827455Z,2026-09-08T09:26:38.962Z,2026-09-08T09:26:38.962634Z,2026-09-08T09:26:39.011794Z,2026-09-08T09:26:39.354455Z,49,49,0,0.135179,0.184339,false,bench-worker-1-2
example,fifo,multi_tenant,0,1000,quick-000080,A,1,completed,2026-09-08T09:26:38.835514Z,2026-09-08T09:26:38.98Z,2026-09-08T09:26:38.981026Z,2026-09-08T09:26:39.026234Z,2026-09-08T09:26:39.225514Z,45,45,0,0.145512,0.190720,false,bench-worker-1-1
example,fifo,multi_tenant,0,1000,quick-000079,A,3,completed,2026-09-08T09:26:38.831696Z,2026-09-08T09:26:38.967Z,2026-09-08T09:26:38.968135Z,2026-09-08T09:26:39.028242Z,2026-09-08T09:26:39.309696Z,60,60,0,0.136439,0.196546,false,bench-worker-1-0
example,fifo,multi_tenant,0,1000,quick-000082,A,0,completed,2026-09-08T09:26:38.839074Z,2026-09-08T09:26:38.989Z,2026-09-08T09:26:38.989804Z,2026-09-08T09:26:39.038955Z,2026-09-08T09:26:39.416074Z,49,49,0,0.150730,0.199881,false,bench-worker-0-0
example,fifo,multi_tenant,0,1000,quick-000081,A,0,completed,2026-09-08T09:26:38.837226Z,2026-09-08T09:26:38.988Z,2026-09-08T09:26:38.989007Z,2026-09-08T09:26:39.04618Z,2026-09-08T09:26:39.274226Z,57,57,0,0.151781,0.208954,false,bench-worker-0-3
example,fifo,multi_tenant,0,1000,quick-000084,A,1,completed,2026-09-08T09:26:38.843723Z,2026-09-08T09:26:39.002Z,2026-09-08T09:26:39.00378Z,2026-09-08T09:26:39.056849Z,2026-09-08T09:26:39.347723Z,53,53,0,0.160057,0.213126,false,bench-worker-1-3
example,fifo,multi_tenant,0,1000,quick-000085,A,2,completed,2026-09-08T09:26:38.844327Z,2026-09-08T09:26:39.008Z,2026-09-08T09:26:39.009201Z,2026-09-08T09:26:39.057287Z,2026-09-08T09:26:39.337327Z,48,48,0,0.164874,0.212960,false,bench-worker-0-2
example,fifo,multi_tenant,0,1000,quick-000083,A,4,completed,2026-09-08T09:26:38.841962Z,2026-09-08T09:26:39.002Z,2026-09-08T09:26:39.002841Z,2026-09-08T09:26:39.060879Z,2026-09-08T09:26:39.324962Z,58,58,0,0.160879,0.218917,false,bench-worker-0-1
example,fifo,multi_tenant,0,1000,quick-000086,A,1,completed,2026-09-08T09:26:38.849748Z,2026-09-08T09:26:39.014Z,2026-09-08T09:26:39.014505Z,2026-09-08T09:26:39.072579Z,2026-09-08T09:26:39.520748Z,58,58,0,0.164757,0.222831,false,bench-worker-1-2
example,fifo,multi_tenant,0,1000,quick-000088,A,0,completed,2026-09-08T09:26:38.857543Z,2026-09-08T09:26:39.029Z,2026-09-08T09:26:39.030078Z,2026-09-08T09:26:39.079089Z,2026-09-08T09:26:39.434543Z,49,49,0,0.172535,0.221546,false,bench-worker-1-0
example,fifo,multi_tenant,0,1000,quick-000089,A,1,completed,2026-09-08T09:26:38.857543Z,2026-09-08T09:26:39.039Z,2026-09-08T09:26:39.039929Z,2026-09-08T09:26:39.084185Z,2026-09-08T09:26:39.296543Z,44,44,0,0.182386,0.226642,false,bench-worker-0-0
example,fifo,multi_tenant,0,1000,quick-000087,A,3,completed,2026-09-08T09:26:38.854623Z,2026-09-08T09:26:39.026Z,2026-09-08T09:26:39.027296Z,2026-09-08T09:26:39.084358Z,2026-09-08T09:26:39.316623Z,57,57,0,0.172673,0.229735,false,bench-worker-1-1
example,fifo,multi_tenant,0,1000,quick-000090,A,1,completed,2026-09-08T09:26:38.860275Z,2026-09-08T09:26:39.046Z,2026-09-08T09:26:39.047406Z,2026-09-08T09:26:39.104563Z,2026-09-08T09:26:39.302275Z,57,57,0,0.187131,0.244288,false,bench-worker-0-3
example,fifo,multi_tenant,0,1000,quick-000091,A,1,completed,2026-09-08T09:26:38.869855Z,2026-09-08T09:26:39.057Z,2026-09-08T09:26:39.058043Z,2026-09-08T09:26:39.110227Z,2026-09-08T09:26:39.488855Z,52,52,0,0.188188,0.240372,false,bench-worker-1-3
example,fifo,multi_tenant,0,1000,quick-000093,A,1,completed,2026-09-08T09:26:38.875436Z,2026-09-08T09:26:39.063Z,2026-09-08T09:26:39.063368Z,2026-09-08T09:26:39.112498Z,2026-09-08T09:26:39.348436Z,49,49,0,0.187932,0.237062,false,bench-worker-0-1
example,fifo,multi_tenant,0,1000,quick-000094,A,0,completed,2026-09-08T09:26:38.88161Z,2026-09-08T09:26:39.073Z,2026-09-08T09:26:39.073829Z,2026-09-08T09:26:39.11491Z,2026-09-08T09:26:39.31461Z,41,41,0,0.192219,0.233300,false,bench-worker-1-2
example,fifo,multi_tenant,0,1000,quick-000092,A,2,completed,2026-09-08T09:26:38.875435Z,2026-09-08T09:26:39.057Z,2026-09-08T09:26:39.058293Z,2026-09-08T09:26:39.116443Z,2026-09-08T09:26:39.361435Z,58,58,0,0.182858,0.241008,false,bench-worker-0-2
example,fifo,multi_tenant,0,1000,quick-000096,A,1,completed,2026-09-08T09:26:38.888753Z,2026-09-08T09:26:39.084Z,2026-09-08T09:26:39.084806Z,2026-09-08T09:26:39.127832Z,2026-09-08T09:26:39.510753Z,43,43,0,0.196053,0.239079,false,bench-worker-0-0
example,fifo,multi_tenant,0,1000,quick-000095,A,4,completed,2026-09-08T09:26:38.883457Z,2026-09-08T09:26:39.081Z,2026-09-08T09:26:39.082122Z,2026-09-08T09:26:39.129192Z,2026-09-08T09:26:39.394457Z,47,47,0,0.198665,0.245735,false,bench-worker-1-0
example,fifo,multi_tenant,0,1000,quick-000097,A,0,completed,2026-09-08T09:26:38.898761Z,2026-09-08T09:26:39.084Z,2026-09-08T09:26:39.085004Z,2026-09-08T09:26:39.134163Z,2026-09-08T09:26:39.491761Z,49,49,0,0.186243,0.235402,false,bench-worker-1-1
example,fifo,multi_tenant,0,1000,quick-000099,A,0,completed,2026-09-08T09:26:38.91505Z,2026-09-08T09:26:39.11Z,2026-09-08T09:26:39.111321Z,2026-09-08T09:26:39.152563Z,2026-09-08T09:26:39.40105Z,41,41,0,0.196271,0.237513,false,bench-worker-1-3
example,fifo,multi_tenant,0,1000,quick-000100,E,0,completed,2026-09-08T09:26:38.930418Z,2026-09-08T09:26:39.113Z,2026-09-08T09:26:39.114154Z,2026-09-08T09:26:39.157203Z,2026-09-08T09:26:39.498418Z,43,43,0,0.183736,0.226785,false,bench-worker-0-1
example,fifo,multi_tenant,0,1000,quick-000102,A,1,completed,2026-09-08T09:26:38.931627Z,2026-09-08T09:26:39.116Z,2026-09-08T09:26:39.117416Z,2026-09-08T09:26:39.157489Z,2026-09-08T09:26:39.458627Z,40,40,0,0.185789,0.225862,false,bench-worker-0-2
example,fifo,multi_tenant,0,1000,quick-000098,A,0,completed,2026-09-08T09:26:38.908127Z,2026-09-08T09:26:39.105Z,2026-09-08T09:26:39.105938Z,2026-09-08T09:26:39.15799Z,2026-09-08T09:26:39.559127Z,52,52,0,0.197811,0.249863,false,bench-worker-0-3
example,fifo,multi_tenant,0,1000,quick-000104,A,2,completed,2026-09-08T09:26:38.949515Z,2026-09-08T09:26:39.129Z,2026-09-08T09:26:39.130248Z,2026-09-08T09:26:39.172289Z,2026-09-08T09:26:39.420515Z,42,42,0,0.180733,0.222774,false,bench-worker-1-0
example,fifo,multi_tenant,0,1000,quick-000105,A,1,completed,2026-09-08T09:26:38.955574Z,2026-09-08T09:26:39.134Z,2026-09-08T09:26:39.135245Z,2026-09-08T09:26:39.17543Z,2026-09-08T09:26:39.485574Z,40,40,0,0.179671,0.219856,false,bench-worker-1-1
example,fifo,multi_tenant,0,1000,quick-000101,A,2,completed,2026-09-08T09:26:38.930419Z,2026-09-08T09:26:39.116Z,2026-09-08T09:26:39.117183Z,2026-09-08T09:26:39.176201Z,2026-09-08T09:26:39.513419Z,59,59,0,0.186764,0.245782,false,bench-worker-1-2
example,fifo,multi_tenant,0,1000,quick-000103,A,2,completed,2026-09-08T09:26:38.943443Z,2026-09-08T09:26:39.129Z,2026-09-08T09:26:39.130242Z,2026-09-08T09:26:39.176273Z,2026-09-08T09:26:39.506443Z,46,46,0,0.186799,0.232830,false,bench-worker-0-0
example,fifo,multi_tenant,0,1000,quick-000106,A,4,completed,2026-09-08T09:26:38.959814Z,2026-09-08T09:26:39.152Z,2026-09-08T09:26:39.153138Z,2026-09-08T09:26:39.20322Z,2026-09-08T09:26:39.549814Z,50,50,0,0.193324,0.243406,false,bench-worker-1-3
example,fifo,multi_tenant,0,1000,quick-000109,A,2,completed,2026-09-08T09:26:39.008813Z,2026-09-08T09:26:39.158Z,2026-09-08T09:26:39.158761Z,2026-09-08T09:26:39.207849Z,2026-09-08T09:26:39.528813Z,49,49,0,0.149948,0.199036,false,bench-worker-0-3
example,fifo,multi_tenant,0,1000,quick-000108,A,3,completed,2026-09-08T09:26:38.991619Z,2026-09-08T09:26:39.157Z,2026-09-08T09:26:39.158432Z,2026-09-08T09:26:39.210506Z,2026-09-08T09:26:39.598619Z,52,52,0,0.166813,0.218887,false,bench-worker-0-2
example,fifo,multi_tenant,0,1000,quick-000107,A,0,completed,2026-09-08T09:26:38.975789Z,2026-09-08T09:26:39.157Z,2026-09-08T09:26:39.158203Z,2026-09-08T09:26:39.213262Z,2026-09-08T09:26:39.631789Z,55,55,0,0.182414,0.237473,false,bench-worker-0-1
example,fifo,multi_tenant,0,1000,quick-000110,C,1,completed,2026-09-08T09:26:39.014421Z,2026-09-08T09:26:39.173Z,2026-09-08T09:26:39.173909Z,2026-09-08T09:26:39.228146Z,2026-09-08T09:26:39.569421Z,54,54,0,0.159488,0.213725,false,bench-worker-1-0
example,fifo,multi_tenant,0,1000,quick-000112,A,0,completed,2026-09-08T09:26:39.022036Z,2026-09-08T09:26:39.176Z,2026-09-08T09:26:39.177012Z,2026-09-08T09:26:39.229238Z,2026-09-08T09:26:39.653036Z,52,52,0,0.154976,0.207202,false,bench-worker-1-2
example,fifo,multi_tenant,0,1000,quick-000111,A,3,completed,2026-09-08T09:26:39.017554Z,2026-09-08T09:26:39.176Z,2026-09-08T09:26:39.17664Z,2026-09-08T09:26:39.23165Z,2026-09-08T09:26:39.630554Z,55,55,0,0.159086,0.214096,false,bench-worker-1-1
example,fifo,multi_tenant,0,1000,quick-000113,A,1,completed,2026-09-08T09:26:39.029377Z,2026-09-08T09:26:39.176Z,2026-09-08T09:26:39.177017Z,2026-09-08T09:26:39.232052Z,2026-09-08T09:26:39.648377Z,55,55,0,0.147640,0.202675,false,bench-worker-0-0
example,fifo,multi_tenant,0,1000,quick-000115,A,0,completed,2026-09-08T09:26:39.032527Z,2026-09-08T09:26:39.209Z,2026-09-08T09:26:39.209836Z,2026-09-08T09:26:39.254933Z,2026-09-08T09:26:39.579527Z,45,45,0,0.177309,0.222406,false,bench-worker-0-3
example,fifo,multi_tenant,0,1000,quick-000114,A,1,completed,2026-09-08T09:26:39.032526Z,2026-09-08T09:26:39.204Z,2026-09-08T09:26:39.204702Z,2026-09-08T09:26:39.26199Z,2026-09-08T09:26:39.640526Z,57,57,0,0.172176,0.229464,false,bench-worker-1-3
example,fifo,multi_tenant,0,1000,quick-000116,A,1,completed,2026-09-08T09:26:39.035563Z,2026-09-08T09:26:39.212Z,2026-09-08T09:26:39.212827Z,2026-09-08T09:26:39.267054Z,2026-09-08T09:26:39.499563Z,54,54,0,0.177264,0.231491,false,bench-worker-0-2
example,fifo,multi_tenant,0,1000,quick-000117,D,2,completed,2026-09-08T09:26:39.035563Z,2026-09-08T09:26:39.215Z,2026-09-08T09:26:39.215778Z,2026-09-08T09:26:39.267842Z,2026-09-08T09:26:39.606563Z,52,52,0,0.180215,0.232279,false,bench-worker-0-1
example,fifo,multi_tenant,0,1000,quick-000118,A,0,completed,2026-09-08T09:26:39.036719Z,2026-09-08T09:26:39.228Z,2026-09-08T09:26:39.229372Z,2026-09-08T09:26:39.272557Z,2026-09-08T09:26:39.521719Z,43,43,0,0.192653,0.235838,false,bench-worker-1-0
example,fifo,multi_tenant,0,1000,quick-000119,A,0,completed,2026-09-08T09:26:39.042278Z,2026-09-08T09:26:39.231Z,2026-09-08T09:26:39.232445Z,2026-09-08T09:26:39.275649Z,2026-09-08T09:26:39.496278Z,43,43,0,0.190167,0.233371,false,bench-worker-1-2
example,fifo,multi_tenant,0,1000,quick-000121,A,0,completed,2026-09-08T09:26:39.046813Z,2026-09-08T09:26:39.232Z,2026-09-08T09:26:39.233276Z,2026-09-08T09:26:39.282336Z,2026-09-08T09:26:39.449813Z,49,49,0,0.186463,0.235523,false,bench-worker-0-0
example,fifo,multi_tenant,0,1000,quick-000120,A,3,completed,2026-09-08T09:26:39.046196Z,2026-09-08T09:26:39.231Z,2026-09-08T09:26:39.232754Z,2026-09-08T09:26:39.287796Z,2026-09-08T09:26:39.572196Z,55,55,0,0.186558,0.241600,false,bench-worker-1-1
example,fifo,multi_tenant,0,1000,quick-000122,A,0,completed,2026-09-08T09:26:39.051927Z,2026-09-08T09:26:39.256Z,2026-09-08T09:26:39.25694Z,2026-09-08T09:26:39.298138Z,2026-09-08T09:26:39.671927Z,41,41,0,0.205013,0.246211,false,bench-worker-0-3
example,fifo,multi_tenant,0,1000,quick-000123,A,0,completed,2026-09-08T09:26:39.055796Z,2026-09-08T09:26:39.264Z,2026-09-08T09:26:39.264997Z,2026-09-08T09:26:39.309319Z,2026-09-08T09:26:39.456796Z,44,44,0,0.209201,0.253523,false,bench-worker-1-3
example,fifo,multi_tenant,0,1000,quick-000126,A,0,completed,2026-09-08T09:26:39.071445Z,2026-09-08T09:26:39.273Z,2026-09-08T09:26:39.273784Z,2026-09-08T09:26:39.318976Z,2026-09-08T09:26:39.706445Z,45,45,0,0.202339,0.247531,false,bench-worker-1-0
example,fifo,multi_tenant,0,1000,quick-000125,A,4,completed,2026-09-08T09:26:39.063595Z,2026-09-08T09:26:39.27Z,2026-09-08T09:26:39.270987Z,2026-09-08T09:26:39.324134Z,2026-09-08T09:26:39.574595Z,53,53,0,0.207392,0.260539,false,bench-worker-0-1
example,fifo,multi_tenant,0,1000,quick-000127,A,0,completed,2026-09-08T09:26:39.079013Z,2026-09-08T09:26:39.276Z,2026-09-08T09:26:39.276675Z,2026-09-08T09:26:39.324735Z,2026-09-08T09:26:39.658013Z,48,48,0,0.197662,0.245722,false,bench-worker-1-2
example,fifo,multi_tenant,0,1000,quick-000124,A,2,completed,2026-09-08T09:26:39.060005Z,2026-09-08T09:26:39.267Z,2026-09-08T09:26:39.267983Z,2026-09-08T09:26:39.325056Z,2026-09-08T09:26:39.555005Z,57,57,0,0.207978,0.265051,false,bench-worker-0-2
example,fifo,multi_tenant,0,1000,quick-000128,A,0,completed,2026-09-08T09:26:39.095311Z,2026-09-08T09:26:39.284Z,2026-09-08T09:26:39.284769Z,2026-09-08T09:26:39.333807Z,2026-09-08T09:26:39.728311Z,49,49,0,0.189458,0.238496,false,bench-worker-0-0
example,fifo,multi_tenant,0,1000,quick-000129,A,3,completed,2026-09-08T09:26:39.100754Z,2026-09-08T09:26:39.289Z,2026-09-08T09:26:39.290324Z,2026-09-08T09:26:39.336425Z,2026-09-08T09:26:39.558754Z,46,46,0,0.189570,0.235671,false,bench-worker-1-1
example,fifo,multi_tenant,0,1000,quick-000130,C,2,completed,2026-09-08T09:26:39.118209Z,2026-09-08T09:26:39.298Z,2026-09-08T09:26:39.299059Z,2026-09-08T09:26:39.344226Z,2026-09-08T09:26:39.533209Z,45,45,0,0.180850,0.226017,false,bench-worker-0-3
example,fifo,multi_tenant,0,1000,quick-000131,A,2,completed,2026-09-08T09:26:39.122735Z,2026-09-08T09:26:39.311Z,2026-09-08T09:26:39.312073Z,2026-09-08T09:26:39.357216Z,2026-09-08T09:26:39.650735Z,45,45,0,0.189338,0.234481,false,bench-worker-1-3
example,fifo,multi_tenant,0,1000,quick-000135,E,1,completed,2026-09-08T09:26:39.137631Z,2026-09-08T09:26:39.325Z,2026-09-08T09:26:39.326081Z,2026-09-08T09:26:39.367181Z,2026-09-08T09:26:39.659631Z,41,41,0,0.188450,0.229550,false,bench-worker-0-2
example,fifo,multi_tenant,0,1000,quick-000133,A,1,completed,2026-09-08T09:26:39.130045Z,2026-09-08T09:26:39.325Z,2026-09-08T09:26:39.325838Z,2026-09-08T09:26:39.371045Z,2026-09-08T09:26:39.591045Z,45,45,0,0.195793,0.241000,false,bench-worker-0-1
example,fifo,multi_tenant,0,1000,quick-000132,E,3,completed,2026-09-08T09:26:39.127313Z,2026-09-08T09:26:39.319Z,2026-09-08T09:26:39.320201Z,2026-09-08T09:26:39.378308Z,2026-09-08T09:26:39.633313Z,58,58,0,0.192888,0.250995,false,bench-worker-1-0
example,fifo,multi_tenant,0,1000,quick-000137,A,0,completed,2026-09-08T09:26:39.148156Z,2026-09-08T09:26:39.337Z,2026-09-08T09:26:39.337505Z,2026-09-08T09:26:39.379623Z,2026-09-08T09:26:39.729156Z,42,42,0,0.189349,0.231467,false,bench-worker-1-1
example,fifo,multi_tenant,0,1000,quick-000134,A,1,completed,2026-09-08T09:26:39.131977Z,2026-09-08T09:26:39.325Z,2026-09-08T09:26:39.325842Z,2026-09-08T09:26:39.379915Z,2026-09-08T09:26:39.760977Z,54,54,0,0.193865,0.247938,false,bench-worker-1-2
example,fifo,multi_tenant,0,1000,quick-000136,B,0,completed,2026-09-08T09:26:39.148155Z,2026-09-08T09:26:39.333Z,2026-09-08T09:26:39.334742Z,2026-09-08T09:26:39.38375Z,2026-09-08T09:26:39.656155Z,49,49,0,0.186587,0.235595,false,bench-worker-0-0
example,fifo,multi_tenant,0,1000,quick-000138,A,0,completed,2026-09-08T09:26:39.154217Z,2026-09-08T09:26:39.345Z,2026-09-08T09:26:39.345495Z,2026-09-08T09:26:39.401709Z,2026-09-08T09:26:39.660217Z,56,56,0,0.191278,0.247492,false,bench-worker-0-3
example,fifo,multi_tenant,0,1000,quick-000139,A,2,completed,2026-09-08T09:26:39.155427Z,2026-09-08T09:26:39.358Z,2026-09-08T09:26:39.358497Z,2026-09-08T09:26:39.403586Z,2026-09-08T09:26:39.614427Z,45,45,0,0.203070,0.248159,false,bench-worker-1-3
example,fifo,multi_tenant,0,1000,quick-000140,A,1,completed,2026-09-08T09:26:39.156403Z,2026-09-08T09:26:39.368Z,2026-09-08T09:26:39.369188Z,2026-09-08T09:26:39.418291Z,2026-09-08T09:26:39.776403Z,49,49,0,0.212785,0.261888,false,bench-worker-0-2
example,fifo,multi_tenant,0,1000,quick-000141,A,2,completed,2026-09-08T09:26:39.166612Z,2026-09-08T09:26:39.371Z,2026-09-08T09:26:39.372089Z,2026-09-08T09:26:39.418326Z,2026-09-08T09:26:39.798612Z,46,46,0,0.205477,0.251714,false,bench-worker-0-1
example,fifo,multi_tenant,0,1000,quick-000142,A,1,completed,2026-09-08T09:26:39.171932Z,2026-09-08T09:26:39.379Z,2026-09-08T09:26:39.380463Z,2026-09-08T09:26:39.421739Z,2026-09-08T09:26:39.757932Z,41,41,0,0.208531,0.249807,false,bench-worker-1-0
example,fifo,multi_tenant,0,1000,quick-000144,A,1,completed,2026-09-08T09:26:39.179602Z,2026-09-08T09:26:39.38Z,2026-09-08T09:26:39.381095Z,2026-09-08T09:26:39.437147Z,2026-09-08T09:26:39.723602Z,56,56,0,0.201493,0.257545,false,bench-worker-1-2
example,fifo,multi_tenant,0,1000,quick-000143,A,0,completed,2026-09-08T09:26:39.17562Z,2026-09-08T09:26:39.379Z,2026-09-08T09:26:39.380706Z,2026-09-08T09:26:39.438772Z,2026-09-08T09:26:39.79762Z,58,58,0,0.205086,0.263152,false,bench-worker-1-1
example,fifo,multi_tenant,0,1000,quick-000145,A,3,completed,2026-09-08T09:26:39.192037Z,2026-09-08T09:26:39.386Z,2026-09-08T09:26:39.386715Z,2026-09-08T09:26:39.445772Z,2026-09-08T09:26:39.848037Z,59,59,0,0.194678,0.253735,false,bench-worker-0-0
example,fifo,multi_tenant,0,1000,quick-000147,A,2,completed,2026-09-08T09:26:39.200724Z,2026-09-08T09:26:39.405Z,2026-09-08T09:26:39.405691Z,2026-09-08T09:26:39.44992Z,2026-09-08T09:26:39.831724Z,44,44,0,0.204967,0.249196,false,bench-worker-1-3
example,fifo,multi_tenant,0,1000,quick-000146,A,0,completed,2026-09-08T09:26:39.200059Z,2026-09-08T09:26:39.402Z,2026-09-08T09:26:39.402785Z,2026-09-08T09:26:39.452861Z,2026-09-08T09:26:39.754059Z,50,50,0,0.202726,0.252802,false,bench-worker-0-3
example,fifo,multi_tenant,0,1000,quick-000148,A,2,completed,2026-09-08T09:26:39.204999Z,2026-09-08T09:26:39.418Z,2026-09-08T09:26:39.41934Z,2026-09-08T09:26:39.463624Z,2026-09-08T09:26:39.675999Z,44,44,0,0.214341,0.258625,false,bench-worker-0-2
example,fifo,multi_tenant,0,1000,quick-000149,C,0,completed,2026-09-08T09:26:39.211006Z,2026-09-08T09:26:39.418Z,2026-09-08T09:26:39.419642Z,2026-09-08T09:26:39.478938Z,2026-09-08T09:26:39.781006Z,59,59,0,0.208636,0.267932,false,bench-worker-0-1
