run_id,scheduler,workload,repetition,seed,tenant,completed_tasks,service_seconds,service_share,latency_mean_s,latency_p50_s,latency_p95_s,latency_p99_s,latency_max_s,wait_p99_s,wait_max_s,deadline_missed,deadline_miss_rate
example,edf,uniform,0,1000,A,30,1.504000,0.199205,0.153980,0.124235,0.341842,0.359053,0.364977,0.307346,0.308924,0,0.000000
example,edf,uniform,0,1000,B,34,1.680000,0.222517,0.151883,0.140363,0.290299,0.305002,0.307112,0.249279,0.252045,0,0.000000
example,edf,uniform,0,1000,C,34,1.724000,0.228344,0.176924,0.154203,0.342667,0.355653,0.361392,0.297910,0.302334,0,0.000000
example,edf,uniform,0,1000,D,26,1.340000,0.177483,0.158709,0.122806,0.321329,0.336938,0.342079,0.280893,0.282958,0,0.000000
example,edf,uniform,0,1000,E,26,1.302000,0.172450,0.151094,0.132237,0.294577,0.332997,0.342557,0.277577,0.288347,0,0.000000
example,edf,bursty,0,1000,A,38,1.920000,0.255387,0.415878,0.365595,0.799412,0.807542,0.808085,0.753250,0.753900,14,0.368421
example,edf,bursty,0,1000,B,30,1.456000,0.193669,0.418906,0.413671,0.770561,0.796760,0.804901,0.753583,0.760852,8,0.266667
example,edf,bursty,0,1000,C,30,1.544000,0.205374,0.453665,0.433156,0.812118,0.817604,0.818568,0.767441,0.769094,11,0.366667
example,edf,bursty,0,1000,D,23,1.107000,0.147247,0.401351,0.383028,0.789016,0.808820,0.813103,0.751954,0.754053,6,0.260870
example,edf,bursty,0,1000,E,29,1.491000,0.198324,0.430174,0.507400,0.818440,0.841032,0.847366,0.782696,0.789299,12,0.413793
example,edf,heavy_tailed,0,1000,A,38,0.815000,0.235890,0.024115,0.017379,0.066128,0.079619,0.079690,0.005114,0.005936,0,0.000000
example,edf,heavy_tailed,0,1000,B,30,0.804000,0.232706,0.029358,0.021067,0.068347,0.121664,0.141641,0.004027,0.004166,0,0.000000
example,edf,heavy_tailed,0,1000,C,30,0.685000,0.198263,0.025584,0.016988,0.065647,0.074768,0.075878,0.006512,0.007458,0,0.000000
example,edf,heavy_tailed,0,1000,D,23,0.571000,0.165268,0.027955,0.019297,0.055474,0.093980,0.104669,0.007792,0.008262,0,0.000000
example,edf,heavy_tailed,0,1000,E,29,0.580000,0.167873,0.023233,0.017709,0.047561,0.071981,0.080236,0.011566,0.013097,0,0.000000
example,edf,multi_tenant,0,1000,A,135,6.749000,0.898429,0.172660,0.161922,0.332321,0.376951,0.381803,0.317911,0.322725,0,0.000000
example,edf,multi_tenant,0,1000,B,3,0.166000,0.022098,0.132068,0.130886,0.199064,0.205124,0.206639,0.155830,0.157565,0,0.000000
example,edf,multi_tenant,0,1000,C,4,0.213000,0.028355,0.165123,0.172001,0.246655,0.247533,0.247753,0.193249,0.193617,0,0.000000
example,edf,multi_tenant,0,1000,D,4,0.193000,0.025692,0.203881,0.234754,0.266962,0.267212,0.267275,0.218989,0.219105,0,0.000000
example,edf,multi_tenant,0,1000,E,4,0.191000,0.025426,0.222826,0.223153,0.241810,0.243428,0.243832,0.200456,0.200802,0,0.000000
example,fifo,uniform,0,1000,A,30,1.504000,0.199205,0.154123,0.171299,0.239177,0.246036,0.246960,0.197665,0.199777,0,0.000000
example,fifo,uniform,0,1000,B,34,1.680000,0.222517,0.168330,0.167321,0.265869,0.267663,0.268089,0.225886,0.227993,0,0.000000
example,fifo,uniform,0,1000,C,34,1.724000,0.228344,0.175705,0.177536,0.266541,0.276616,0.279623,0.227071,0.227371,0,0.000000
example,fifo,uniform,0,1000,D,26,1.340000,0.177483,0.161361,0.154208,0.261752,0.278627,0.283801,0.222659,0.225686,0,0.000000
example,fifo,uniform,0,1000,E,26,1.302000,0.172450,0.145833,0.145068,0.258654,0.273490,0.278413,0.216978,0.219223,0,0.000000
example,fifo,bursty,0,1000,A,38,1.916000,0.255059,0.429789,0.432183,0.776162,0.801961,0.809072,0.752938,0.764831,15,0.394737
example,fifo,bursty,0,1000,B,30,1.454000,0.193557,0.400044,0.341512,0.778498,0.798228,0.799988,0.749819,0.749819,10,0.333333
example,fifo,bursty,0,1000,C,30,1.544000,0.205538,0.467620,0.540657,0.766599,0.784504,0.789654,0.731344,0.733596,14,0.466667
example,fifo,bursty,0,1000,D,23,1.107000,0.147364,0.452081,0.507991,0.731694,0.767322,0.777011,0.719132,0.727964,11,0.478261
example,fifo,bursty,0,1000,E,29,1.491000,0.198482,0.412527,0.446621,0.773890,0.814813,0.823408,0.755594,0.764141,11,0.379310
example,fifo,heavy_tailed,0,1000,A,38,0.815000,0.235890,0.024404,0.017960,0.066557,0.079725,0.080590,0.008089,0.009531,0,0.000000
example,fifo,heavy_tailed,0,1000,B,30,0.804000,0.232706,0.029016,0.020228,0.067441,0.121147,0.141729,0.003698,0.003854,0,0.000000
example,fifo,heavy_tailed,0,1000,C,30,0.685000,0.198263,0.025628,0.017295,0.064800,0.076443,0.078243,0.007518,0.008859,0,0.000000
example,fifo,heavy_tailed,0,1000,D,23,0.571000,0.165268,0.027379,0.017513,0.054936,0.094986,0.106088,0.004307,0.004353,0,0.000000
example,fifo,heavy_tailed,0,1000,E,29,0.580000,0.167873,0.022835,0.017552,0.047598,0.071465,0.080166,0.005077,0.005357,0,0.000000
example,fifo,multi_tenant,0,1000,A,135,6.749000,0.898429,0.173919,0.180731,0.253587,0.262722,0.265051,0.211566,0.214341,0,0.000000
example,fifo,multi_tenant,0,1000,B,3,0.166000,0.022098,0.146979,0.129173,0.224953,0.233467,0.235595,0.184238,0.186587,0,0.000000
example,fifo,multi_tenant,0,1000,C,4,0.213000,0.028355,0.197122,0.219871,0.261645,0.266675,0.267932,0.207802,0.208636,0,0.000000
example,fifo,multi_tenant,0,1000,D,4,0.193000,0.025692,0.165349,0.181638,0.227963,0.231416,0.232279,0.179532,0.180215,0,0.000000
example,fifo,multi_tenant,0,1000,E,4,0.191000,0.025426,0.222917,0.228167,0.247778,0.250352,0.250995,0.192755,0.192888,0,0.000000
example,priority,uniform,0,1000,A,30,1.504000,0.199205,0.170853,0.073536,0.433093,0.446029,0.450115,0.400270,0.410053,2,0.066667
example,priority,uniform,0,1000,B,34,1.680000,0.222517,0.134967,0.067432,0.418134,0.434024,0.440923,0.379214,0.382829,0,0.000000
example,priority,uniform,0,1000,C,34,1.724000,0.228344,0.169327,0.072689,0.413577,0.439452,0.452046,0.382116,0.392956,0,0.000000
example,priority,uniform,0,1000,D,26,1.340000,0.177483,0.133871,0.064338,0.402624,0.427476,0.434036,0.377166,0.385982,0,0.000000
example,priority,uniform,0,1000,E,26,1.302000,0.172450,0.192242,0.078425,0.441678,0.456732,0.461581,0.402880,0.405501,1,0.038462
example,priority,bursty,0,1000,A,38,1.916000,0.255059,0.426479,0.426240,0.795848,0.808510,0.813178,0.753760,0.755135,14,0.368421
example,priority,bursty,0,1000,B,30,1.454000,0.193557,0.483055,0.458298,0.778741,0.799758,0.807344,0.752294,0.757284,15,0.500000
example,priority,bursty,0,1000,C,30,1.544000,0.205538,0.450424,0.443024,0.797452,0.810114,0.813741,0.756342,0.757640,14,0.466667
example,priority,bursty,0,1000,D,23,1.107000,0.147364,0.380374,0.423672,0.753132,0.768300,0.771385,0.720827,0.722137,6,0.260870
example,priority,bursty,0,1000,E,29,1.491000,0.198482,0.413687,0.447682,0.791659,0.813647,0.821944,0.758177,0.762670,11,0.379310
example,priority,heavy_tailed,0,1000,A,38,0.815000,0.235890,0.024379,0.017086,0.065174,0.079303,0.080265,0.008198,0.009807,0,0.000000
example,priority,heavy_tailed,0,1000,B,30,0.804000,0.232706,0.029411,0.021142,0.067297,0.120777,0.141254,0.003874,0.003874,0,0.000000
example,priority,heavy_tailed,0,1000,C,30,0.685000,0.198263,0.025704,0.016626,0.066054,0.075257,0.076364,0.007171,0.008510,0,0.000000
example,priority,heavy_tailed,0,1000,D,23,0.571000,0.165268,0.027447,0.019705,0.053837,0.093547,0.104578,0.003854,0.003902,0,0.000000
example,priority,heavy_tailed,0,1000,E,29,0.580000,0.167873,0.023026,0.018573,0.047320,0.071877,0.080167,0.004704,0.004709,0,0.000000
example,priority,multi_tenant,0,1000,A,135,6.749000,0.898429,0.178212,0.085275,0.489563,0.515601,0.533642,0.457945,0.486502,9,0.066667
example,priority,multi_tenant,0,1000,B,3,0.166000,0.022098,0.266818,0.285072,0.431756,0.444794,0.448054,0.387894,0.390995,0,0.000000
example,priority,multi_tenant,0,1000,C,4,0.213000,0.028355,0.126894,0.096821,0.242184,0.262466,0.267537,0.203348,0.208266,0,0.000000
example,priority,multi_tenant,0,1000,D,4,0.193000,0.025692,0.073640,0.071687,0.102823,0.106960,0.107994,0.060608,0.061850,0,0.000000
example,priority,multi_tenant,0,1000,E,4,0.191000,0.025426,0.155098,0.066882,0.375254,0.418327,0.429095,0.375369,0.386082,0,0.000000
example,wfq,uniform,0,1000,A,30,1.504000,0.199205,0.151791,0.122497,0.289330,0.298642,0.301280,0.247837,0.248909,0,0.000000
example,wfq,uniform,0,1000,B,34,1.680000,0.222517,0.185829,0.184688,0.308613,0.321458,0.323390,0.268733,0.270411,0,0.000000
example,wfq,uniform,0,1000,C,34,1.724000,0.228344,0.189616,0.206261,0.294474,0.297426,0.297986,0.244633,0.244932,0,0.000000
example,wfq,uniform,0,1000,D,26,1.340000,0.177483,0.099660,0.092415,0.157291,0.181960,0.189915,0.127281,0.131693,0,0.000000
example,wfq,uniform,0,1000,E,26,1.302000,0.172450,0.170137,0.176408,0.257569,0.286761,0.296321,0.235454,0.242308,0,0.000000
example,wfq,bursty,0,1000,A,38,1.916000,0.255059,0.519653,0.545061,0.820904,0.823405,0.823982,0.767823,0.768249,21,0.552632
example,wfq,bursty,0,1000,B,30,1.454000,0.193557,0.416436,0.433029,0.708506,0.729640,0.735764,0.683802,0.691689,12,0.400000
example,wfq,bursty,0,1000,C,30,1.544000,0.205538,0.457263,0.468064,0.762660,0.773899,0.777533,0.720637,0.721311,11,0.366667
example,wfq,bursty,0,1000,D,23,1.107000,0.147364,0.355706,0.357535,0.591805,0.613976,0.619439,0.565773,0.570378,4,0.173913
example,wfq,bursty,0,1000,E,29,1.491000,0.198482,0.357486,0.335669,0.666557,0.697073,0.706351,0.637944,0.647213,7,0.241379
example,wfq,heavy_tailed,0,1000,A,38,0.815000,0.235890,0.024966,0.017751,0.066617,0.079907,0.080749,0.010561,0.012421,0,0.000000
example,wfq,heavy_tailed,0,1000,B,30,0.804000,0.232706,0.029320,0.021025,0.066873,0.121108,0.141534,0.003773,0.003782,0,0.000000
example,wfq,heavy_tailed,0,1000,C,30,0.685000,0.198263,0.025361,0.017139,0.064069,0.075423,0.077586,0.007433,0.008715,0,0.000000
example,wfq,heavy_tailed,0,1000,D,23,0.571000,0.165268,0.027667,0.019738,0.054276,0.092941,0.103682,0.004998,0.005148,0,0.000000
example,wfq,heavy_tailed,0,1000,E,29,0.580000,0.167873,0.022633,0.018127,0.046271,0.071239,0.080197,0.004397,0.004419,0,0.000000
example,wfq,multi_tenant,0,1000,A,135,6.749000,0.898429,0.188198,0.200930,0.277760,0.291290,0.297576,0.240172,0.244667,0,0.000000
example,wfq,multi_tenant,0,1000,B,3,0.166000,0.022098,0.063655,0.060047,0.070501,0.071431,0.071663,0.011628,0.011644,0,0.000000
example,wfq,multi_tenant,0,1000,C,4,0.213000,0.028355,0.065992,0.065147,0.072463,0.073101,0.073261,0.017224,0.017318,0,0.000000
example,wfq,multi_tenant,0,1000,D,4,0.193000,0.025692,0.058057,0.054487,0.074497,0.076931,0.077539,0.023905,0.024470,0,0.000000
example,wfq,multi_tenant,0,1000,E,4,0.191000,0.025426,0.060301,0.060612,0.067702,0.068580,0.068800,0.018471,0.018658,0,0.000000
